COMPANY,CAREERS_URL,ATS
GENENTECH,https://www.gene.com/careers,NA
VERTEX PHARMACEUTICALS,https://www.vrtx.com/careers.html,NA
REGENERON,https://careers.regeneron.com,NA
MODERNA,https://careers.modernatx.com,NA
BROAD INSTITUTE,https://boards.greenhouse.io/broadinstitute,GREENHOUSE
ILLUMINA,https://careers.illumina.com,NA
GINKGO BIOWORKS,https://boards.greenhouse.io/ginkgobioworks,GREENHOUSE
TEMPUS,https://boards.greenhouse.io/tempus,GREENHOUSE
INSITRO,https://boards.greenhouse.io/insitro,GREENHOUSE
RECURSION PHARMACEUTICALS,https://boards.greenhouse.io/recursionpharmaceuticals,GREENHOUSE
GENERATE BIOMEDICINES,https://boards.greenhouse.io/generatebiomedicines,GREENHOUSE
NEWLIMIT,https://boards.greenhouse.io/newlimit,GREENHOUSE
ALTOS LABS,https://boards.greenhouse.io/altoslabs,GREENHOUSE
CALICO LIFE SCIENCES,https://www.calicolabs.com/careers,NA
DNANEXUS,https://boards.greenhouse.io/dnanexus,GREENHOUSE
GUARDANT HEALTH,https://guardanthealth.com/careers,NA
NATERA,https://www.natera.com/company/careers/,NA
10X GENOMICS,https://boards.greenhouse.io/10xgenomics,GREENHOUSE
PACIFIC BIOSCIENCES,https://www.pacb.com/company/careers/,NA
TWIST BIOSCIENCE,https://boards.greenhouse.io/twistbioscience,GREENHOUSE
GRAIL,https://grail.com/careers/,NA
SOPHIA GENETICS,https://boards.greenhouse.io/sophiagenetics,GREENHOUSE
QIAGEN,https://careers.qiagen.com,NA
ROCHE,https://careers.roche.com,NA
AMGEN,https://careers.amgen.com,NA
PFIZER,https://www.pfizer.com/careers,NA
MERCK,https://jobs.merck.com,NA
NOVARTIS,https://www.novartis.com/careers,NA
ASTRAZENECA,https://careers.astrazeneca.com,NA
BRISTOL MYERS SQUIBB,https://careers.bms.com,NA
TAKEDA,https://www.takedajobs.com,NA
SANOFI,https://jobs.sanofi.com,NA
ABBVIE,https://careers.abbvie.com,NA
BIOGEN,https://careers.biogen.com,NA
FREENOME,https://boards.greenhouse.io/freenome,GREENHOUSE
DENALI THERAPEUTICS,https://boards.greenhouse.io/denalitherapeutics,GREENHOUSE
ALNYLAM PHARMACEUTICALS,https://www.alnylam.com/careers/,NA
BLUEPRINT MEDICINES,https://boards.greenhouse.io/blueprintmedicines,GREENHOUSE
IONIS PHARMACEUTICALS,https://www.ionispharma.com/careers/,NA
EXACT SCIENCES,https://www.exactsciences.com/careers,NA
PERSONALIS,https://boards.greenhouse.io/personalis,GREENHOUSE
FATE THERAPEUTICS,https://boards.greenhouse.io/fatetherapeutics,GREENHOUSE
BEAM THERAPEUTICS,https://boards.greenhouse.io/beamtherapeutics,GREENHOUSE
EDITAS MEDICINE,https://boards.greenhouse.io/editasmedicine,GREENHOUSE
INTELLIA THERAPEUTICS,https://boards.greenhouse.io/intelliatx,GREENHOUSE
CRISPR THERAPEUTICS,https://boards.greenhouse.io/crisprtx,GREENHOUSE
SANGAMO THERAPEUTICS,https://boards.greenhouse.io/sangamotherapeutics,GREENHOUSE
VIR BIOTECHNOLOGY,https://boards.greenhouse.io/virbiotechnology,GREENHOUSE
SEAGEN,https://www.seagen.com/careers/,NA
BENCHLING,https://boards.greenhouse.io/benchling,GREENHOUSE
GENEWIZ,https://www.genewiz.com/en/Public/Company/Careers,NA
EUROFINS GENOMICS,https://careers.eurofins.com,NA
CELLARITY,https://boards.greenhouse.io/cellarity,GREENHOUSE
CATALENT,https://jobs.catalent.com,NA
LONZA,https://www.lonza.com/careers,NA
CHARLES RIVER LABORATORIES,https://jobs.criver.com,NA
EVOTEC,https://www.evotec.com/en/career,NA
EXELIXIS,https://boards.greenhouse.io/exelixis,GREENHOUSE
SAREPTA THERAPEUTICS,https://www.sarepta.com/careers,NA
UNITY BIOTECHNOLOGY,https://boards.greenhouse.io/unitybiotechnology,GREENHOUSE
BIOHAVEN,https://www.biohavenpharma.com/careers/,NA
HORIZON THERAPEUTICS,https://www.horizontherapeutics.com/careers,NA
ZAI LAB,https://www.zailaboratory.com/careers,NA
